sample_prefix	LIBRARY
01b_01	Library2
01b_02	Library2
01b_03	Library2
01b_04	Library2
01b_05	Library2
01b_06	Library2
01b_07	Library2
01b_08	Library2
01b_09	Library2
01b_10	Library2
01b_11	Library2
01b_12	Library2
01b_13	Library2
01b_14	Library2
01b_15	Library2
01b_16	Library2
01b_17	Library2
01b_18	Library2
01b_19	Library2
01b_20	Library2
01b_21	Library2
01b_22	Library2
01b_23	Library2
01b_24	Library2
01b_25	Library2
01b_26	Library2
01b_27	Library2
01b_28	Library2
01b_29	Library2
01b_30	Library2
01b_31	Library2
01b_32	Library2
01b_33	Library2
01b_34	Library2
01b_35	Library2
01b_36	Library2
01b_37	Library2
01b_38	Library2
01b_39	Library2
01b_40	Library2
01b_41	Library2
01b_42	Library2
01b_43	Library2
01b_44	Library2
01b_45	Library2
01b_46	Library2
01b_47	Library2
01b_48	Library2
04b_01	Library4
04b_03	Library4
04b_05	Library4
04b_07	Library4
04b_11	Library4
04b_15	Library4
04b_16	Library4
04b_20	Library4
04b_23	Library4
04b_47	Library4
04b_48	Library4
04b_49	Library4
04b_50	Library4
05abc_01	Library4
05abc_02	Library4
05abc_04	Library4
05abc_05	Library4
05abc_06	Library4
05abc_07	Library4
05abc_08	Library4
05abc_09	Library4
05abc_10	Library4
05abc_11	Library4
05abc_12	Library4
05abc_13	Library4
05abc_14	Library4
05abc_15	Library4
05abc_16	Library4
05abc_17	Library4
05abc_18	Library4
05abc_19	Library4
05abc_20	Library4
05abc_21	Library4
05abc_23	Library4
05abc_24	Library4
05abc_25	Library4
05abc_26	Library4
05abc_27	Library4
05abc_29	Library4
05abc_30	Library4
05abc_31	Library4
05abc_32	Library4
05abc_33	Library4
05abc_34	Library4
05abc_35	Library4
05abc_36	Library4
05abc_37	Library4
05abc_38	Library4
05abc_39	Library4
05abc_40	Library4
05abc_41	Library4
05abc_42	Library4
05abc_43	Library4
05abc_44	Library4
05abc_45	Library4
05abc_46	Library4
05abc_47	Library4
05abc_48	Library4
05abc_49	Library4
05abc_50	Library4
06a_01	Library2
06a_02	Library2
06a_03	Library2
06a_04	Library2
06a_05	Library2
06a_06	Library2
06a_07	Library2
06a_08	Library2
06a_09	Library2
06a_10	Library2
06a_11	Library2
06a_12	Library2
06a_13	Library2
06a_14	Library2
06a_15	Library2
06a_16	Library2
06a_17	Library2
06a_18	Library2
06a_19	Library2
06a_20	Library2
06a_21	Library2
06a_22	Library2
06a_23	Library2
06a_24	Library2
06a_26	Library2
06a_27	Library2
06a_28	Library2
06a_29	Library2
06a_30	Library2
06a_31	Library2
06a_33	Library2
06a_34	Library2
06a_35	Library2
06a_36	Library2
06a_37	Library2
06a_38	Library2
06a_39	Library2
06a_40	Library2
06a_41	Library2
06a_42	Library2
06a_43	Library2
06a_44	Library2
06a_45	Library2
06a_46	Library2
06a_47	Library2
06a_48	Library2
06a_49	Library2
06a_50	Library2
06c_01	Library1
06c_02	Library1
06c_03	Library1
06c_04	Library1
06c_05	Library1
06c_06	Library1
06c_07	Library1
06c_08	Library1
06c_09	Library1
06c_10	Library1
06c_100	Library4
06c_11	Library1
06c_12	Library1
06c_13	Library1
06c_14	Library1
06c_15	Library1
06c_16	Library1
06c_17	Library1
06c_18	Library1
06c_19	Library1
06c_20	Library1
06c_21	Library1
06c_22	Library1
06c_23	Library1
06c_24	Library1
06c_25	Library1
06c_29	Library1
06c_30	Library1
06c_31	Library1
06c_32	Library1
06c_33	Library1
06c_34	Library1
06c_35	Library1
06c_37	Library1
06c_38	Library1
06c_39	Library1
06c_40	Library1
06c_41	Library1
06c_42	Library1
06c_43	Library1
06c_44	Library1
06c_45	Library1
06c_46	Library1
06c_47	Library1
06c_48	Library1
06c_49	Library1
06c_50	Library1
06c_51	Library3
06c_52	Library3
06c_53	Library3
06c_54	Library3
06c_55	Library3
06c_56	Library3
06c_57	Library3
06c_58	Library3
06c_59	Library3
06c_60	Library3
06c_61	Library3
06c_62	Library3
06c_63	Library3
06c_65	Library3
06c_66	Library3
06c_68	Library3
06c_69	Library3
06c_70	Library3
06c_71	Library3
06c_72	Library3
06c_73	Library3
06c_74	Library3
06c_75	Library3
06c_76	Library3
06c_77	Library3
06c_78	Library3
06c_79	Library3
06c_80	Library3
06c_81	Library3
06c_82	Library3
06c_83	Library3
06c_84	Library3
06c_85	Library3
06c_86	Library3
06c_87	Library3
06c_88	Library3
06c_89	Library3
06c_90	Library3
06c_91	Library3
06c_92	Library3
06c_93	Library3
06c_94	Library3
06c_95	Library4
06c_96	Library4
06c_97	Library4
06c_98	Library4
06c_99	Library4
07a_01	Library2
07a_03	Library2
07a_04	Library2
07a_05	Library2
07a_06	Library2
07a_07	Library2
07a_08	Library2
07a_09	Library2
07a_10	Library2
07a_11	Library2
07a_12	Library2
07a_13	Library2
07a_14	Library2
07a_15	Library2
07a_16	Library2
07a_17	Library2
07a_18	Library2
07a_19	Library2
07a_20	Library2
07a_21	Library2
07a_22	Library2
07a_23	Library2
07a_24	Library2
07a_25	Library2
07a_26	Library2
07a_27	Library2
07a_28	Library2
07a_29	Library2
07a_30	Library2
07a_31	Library2
07a_32	Library2
07a_33	Library2
07a_34	Library2
07a_35	Library2
07a_36	Library2
07a_37	Library2
07a_38	Library2
07a_39	Library2
07a_40	Library2
07a_41	Library2
07a_42	Library2
07a_43	Library2
07a_44	Library2
07a_45	Library2
07a_46	Library2
07a_48	Library2
07a_49	Library2
07a_50	Library2
08ab_01	Library3
08ab_02	Library3
08ab_03	Library3
08ab_04	Library3
08ab_05	Library3
08ab_06	Library3
08ab_07	Library3
08ab_08	Library3
08ab_09	Library3
08ab_10	Library3
08ab_11	Library3
08ab_12	Library3
08ab_13	Library3
08ab_14	Library3
08ab_15	Library3
08ab_16	Library3
08ab_17	Library3
08ab_18	Library3
08ab_19	Library3
08ab_20	Library3
08ab_21	Library3
08ab_22	Library3
08ab_23	Library3
08ab_24	Library3
08ab_25	Library3
08ab_26	Library3
08ab_27	Library3
08ab_28	Library3
08ab_29	Library3
08ab_30	Library3
08ab_31	Library3
08ab_32	Library3
08ab_33	Library3
08ab_34	Library3
08ab_35	Library3
08ab_36	Library3
08ab_37	Library3
08ab_39	Library3
08ab_40	Library3
08ab_41	Library3
08ab_42	Library3
08ab_43	Library3
08ab_44	Library3
08ab_45	Library3
08ab_46	Library3
08ab_47	Library3
08ab_49	Library3
08ab_50	Library3
09a_04	Library5
09a_05	Library5
09a_07	Library5
09a_08	Library5
09a_10	Library5
09a_14	Library5
09a_15	Library5
09a_17	Library5
09a_18	Library5
09a_28	Library5
09a_31	Library5
09a_32	Library5
09a_39	Library5
09a_43	Library5
09a_44	Library5
09a_50	Library5
09b_01	Library1
09b_02	Library1
09b_03	Library1
09b_04	Library1
09b_05	Library1
09b_06	Library1
09b_07	Library1
09b_08	Library1
09b_09	Library1
09b_10	Library1
09b_11	Library1
09b_12	Library1
09b_13	Library1
09b_14	Library1
09b_15	Library1
09b_16	Library1
09b_17	Library1
09b_18	Library1
09b_19	Library1
09b_20	Library1
09b_21	Library1
09b_22	Library1
09b_23	Library1
09b_24	Library1
09b_25	Library1
09b_26	Library1
09b_27	Library1
09b_28	Library1
09b_29	Library1
09b_30	Library1
09b_31	Library1
09b_32	Library1
09b_33	Library1
09b_34	Library1
09b_35	Library1
09b_36	Library1
09b_37	Library1
09b_38	Library1
09b_39	Library1
09b_40	Library1
09b_41	Library1
09b_42	Library1
09b_43	Library1
09b_44	Library1
09b_45	Library1
09b_46	Library1
09b_47	Library1
09b_48	Library1
09b_49	Library1
09b_50	Library1
10a_01	Library5
10a_02	Library5
10a_03	Library5
10a_04	Library5
10a_05	Library5
10a_06	Library5
10a_07	Library5
10a_08	Library5
10a_09	Library5
10a_10	Library5
10a_11	Library5
10a_12	Library5
10a_13	Library5
10a_14	Library5
10a_17	Library5
10a_20	Library5
10a_21	Library5
10a_22	Library5
10a_23	Library5
10a_24	Library5
10a_25	Library5
10a_28	Library5
10a_31	Library5
10a_33	Library5
10a_34	Library5
10a_36	Library5
10a_37	Library5
10a_39	Library5
10a_40	Library5
10a_41	Library5
10a_43	Library5
10a_44	Library5
10a_48	Library5
10bc_01	Library3
10bc_02	Library3
10bc_03	Library3
10bc_04	Library3
10bc_05	Library3
10bc_06	Library3
10bc_07	Library3
10bc_08	Library3
10bc_09	Library3
10bc_10	Library3
10bc_11	Library3
10bc_12	Library3
10bc_13	Library3
10bc_14	Library3
10bc_15	Library3
10bc_16	Library3
10bc_17	Library3
10bc_18	Library3
10bc_19	Library3
10bc_20	Library3
10bc_21	Library3
10bc_22	Library3
10bc_23	Library3
10bc_24	Library3
10bc_25	Library3
10bc_26	Library3
10bc_27	Library3
10bc_28	Library3
10bc_29	Library3
10bc_30	Library3
10bc_31	Library3
10bc_32	Library3
10bc_33	Library3
10bc_35	Library3
10bc_36	Library3
10bc_37	Library3
10bc_38	Library3
10bc_39	Library3
10bc_40	Library3
10bc_41	Library3
10bc_42	Library3
10bc_44	Library3
10bc_45	Library3
10bc_46	Library3
10bc_47	Library3
10bc_48	Library3
10bc_49	Library3
10bc_50	Library3
10bc_51	Library3
10bc_52	Library3
10bc_53	Library3
10bc_57	Library3
11ab_01	Library5
11ab_02	Library5
11ab_03	Library5
11ab_04	Library5
11ab_05	Library5
11ab_06	Library5
11ab_07	Library5
11ab_08	Library5
11ab_09	Library5
11ab_10	Library5
11ab_12	Library5
11ab_13	Library5
11ab_14	Library5
11ab_15	Library5
11ab_16	Library5
11ab_17	Library5
11ab_19	Library5
11ab_20	Library5
11ab_21	Library5
11ab_23	Library5
11ab_24	Library5
11ab_25	Library5
11ab_26	Library5
11ab_27	Library5
11ab_28	Library5
11ab_29	Library5
11ab_31	Library5
11ab_32	Library5
11ab_33	Library5
11ab_34	Library5
11ab_35	Library5
11ab_36	Library5
11ab_37	Library5
11ab_38	Library5
11ab_39	Library5
11ab_41	Library5
11ab_42	Library5
11ab_44	Library5
11ab_46	Library5
11ab_47	Library5
11ab_48	Library5
11ab_49	Library5
11ab_50	Library5
11c_01	Library1
11c_03	Library1
11c_04	Library1
11c_05	Library1
11c_06	Library1
11c_07	Library1
11c_08	Library1
11c_09	Library1
11c_10	Library1
11c_11	Library1
11c_12	Library1
11c_13	Library1
11c_14	Library1
11c_16	Library1
11c_17	Library1
11c_20	Library1
11c_21	Library1
11c_22	Library1
11c_23	Library1
11c_24	Library1
11c_25	Library1
11c_26	Library1
11c_27	Library1
11c_28	Library1
11c_29	Library1
11c_30	Library1
11c_31	Library1
11c_32	Library1
11c_33	Library1
11c_34	Library1
11c_35	Library1
11c_36	Library1
11c_37	Library1
11c_38	Library1
11c_39	Library1
11c_40	Library1
11c_41	Library1
11c_42	Library1
11c_43	Library1
11c_44	Library1
11c_45	Library1
11c_46	Library1
11c_47	Library1
11c_48	Library1
11c_49	Library1
11c_50	Library1
12a_01	Library3
12a_02	Library3
12a_03	Library3
12a_04	Library3
12a_05	Library3
12a_06	Library3
12a_07	Library3
12a_08	Library3
12a_09	Library3
12a_10	Library3
12a_11	Library3
12a_12	Library3
12a_13	Library3
12a_14	Library3
12a_15	Library3
12a_16	Library3
12a_17	Library3
12a_18	Library3
12a_19	Library3
12a_20	Library3
12a_21	Library3
12a_23	Library3
12a_24	Library3
12a_26	Library3
12a_27	Library3
12a_28	Library3
12a_29	Library3
12a_30	Library3
12a_31	Library3
12a_32	Library3
12a_33	Library3
12a_34	Library3
12a_35	Library3
12a_37	Library3
12a_38	Library3
12a_39	Library3
12a_40	Library3
12a_41	Library3
12a_42	Library3
12a_43	Library3
12a_44	Library3
12a_45	Library3
12a_46	Library3
12a_48	Library3
12a_49	Library3
12a_50	Library3
12m_01	Library2
12m_02	Library2
12m_03	Library2
12m_04	Library2
12m_05	Library2
12m_07	Library2
12m_08	Library2
12m_09	Library2
12m_10	Library2
12m_11	Library2
12m_12	Library2
12m_13	Library2
12m_14	Library2
12m_15	Library2
12m_16	Library2
12m_17	Library2
12m_18	Library2
12m_19	Library2
12m_20	Library2
12m_21	Library2
12m_22	Library2
12m_23	Library2
12m_24	Library2
12m_25	Library2
12m_26	Library2
12m_27	Library2
12m_28	Library2
12m_29	Library2
12m_31	Library2
12m_32	Library2
12m_33	Library2
12m_34	Library2
12m_35	Library2
12m_36	Library2
12m_37	Library2
12m_38	Library2
12m_39	Library2
12m_40	Library2
12m_41	Library2
12m_42	Library2
12m_43	Library2
12m_44	Library2
12m_45	Library2
12m_46	Library2
12m_47	Library2
12m_48	Library2
12m_49	Library2
12m_50	Library2
14a_04	Library5
14a_06	Library5
14a_08	Library5
14a_10	Library5
14a_11	Library5
14a_13	Library5
14a_16	Library5
14a_18	Library5
14a_19	Library5
14a_20	Library5
14a_22	Library5
14a_23	Library5
14a_24	Library5
14a_25	Library5
14a_26	Library5
14a_27	Library5
14a_28	Library5
14a_30	Library5
14a_31	Library5
14a_37	Library5
14a_38	Library5
14a_40	Library5
14a_43	Library5
14a_44	Library5
14a_45	Library5
14a_47	Library5
14a_48	Library5
14a_49	Library5
14a_50	Library5
17a_01	Library1
17a_02	Library1
17a_03	Library1
17a_04	Library1
17a_05	Library1
17a_06	Library1
17a_07	Library1
17a_08	Library1
17a_09	Library1
17a_10	Library1
17a_11	Library1
17a_12	Library1
17a_13	Library1
17a_14	Library1
17a_15	Library1
17a_16	Library1
17a_17	Library1
17a_18	Library1
17a_19	Library1
17a_20	Library1
17a_21	Library1
17a_22	Library1
17a_23	Library1
17a_24	Library1
17a_25	Library1
17a_26	Library1
17a_27	Library1
17a_28	Library1
17a_29	Library1
17a_30	Library1
17a_31	Library1
17a_32	Library1
17a_33	Library1
17a_34	Library1
17a_35	Library1
17a_36	Library1
17a_37	Library1
17a_38	Library1
17a_39	Library1
17a_40	Library1
17a_41	Library1
17a_42	Library1
17a_43	Library1
17a_44	Library1
17a_45	Library1
17a_46	Library1
17a_47	Library1
17a_48	Library1
17a_49	Library1
17a_50	Library1
17b_01	Library1
17b_02	Library1
17b_03	Library1
17b_04	Library1
17b_05	Library1
17b_06	Library1
17b_07	Library1
17b_08	Library1
17b_09	Library1
17b_10	Library1
17b_11	Library1
17b_12	Library1
17b_13	Library1
17b_14	Library1
17b_15	Library1
17b_16	Library1
17b_17	Library1
17b_18	Library1
17b_19	Library1
17b_20	Library1
17b_21	Library1
17b_22	Library1
17b_23	Library1
17b_24	Library1
17b_25	Library1
17b_26	Library1
17b_27	Library1
17b_28	Library1
17b_29	Library1
17b_30	Library1
17b_31	Library1
17b_32	Library1
17b_33	Library1
17b_34	Library1
17b_35	Library1
17b_36	Library1
17b_37	Library1
17b_38	Library1
17b_39	Library1
17b_40	Library1
17b_41	Library1
17b_42	Library1
17b_43	Library1
17b_44	Library1
17b_45	Library1
17b_46	Library1
17b_47	Library1
17b_48	Library1
17b_49	Library1
17b_50	Library1
17c_01	Library3
17c_02	Library3
17c_03	Library3
17c_04	Library3
17c_05	Library3
17c_06	Library3
17c_07	Library3
17c_08	Library3
17c_09	Library3
17c_10	Library3
17c_11	Library3
17c_12	Library3
17c_13	Library3
17c_14	Library3
17c_15	Library3
17c_16	Library3
17c_17	Library3
17c_18	Library3
17c_19	Library3
17c_20	Library3
17c_21	Library3
17c_22	Library3
17c_23	Library3
17c_24	Library3
17c_25	Library3
17c_26	Library3
17c_27	Library3
17c_28	Library3
17c_29	Library3
17c_30	Library3
17c_31	Library3
17c_32	Library3
17c_33	Library3
17c_34	Library3
17c_35	Library3
17c_36	Library3
17c_37	Library3
17c_38	Library3
17c_39	Library3
17c_40	Library3
17c_41	Library3
17c_42	Library3
17c_43	Library3
17c_44	Library3
17c_45	Library3
17c_46	Library3
17c_47	Library3
17c_48	Library3
17c_49	Library3
17c_50	Library3
18a_01	Library1
18a_02	Library1
18a_03	Library1
18a_04	Library1
18a_05	Library1
18a_06	Library1
18a_07	Library1
18a_08	Library1
18a_09	Library1
18a_10	Library1
18a_11	Library1
18a_12	Library1
18a_13	Library1
18a_14	Library1
18a_15	Library1
18a_16	Library1
18a_17	Library1
18a_18	Library1
18a_19	Library1
18a_21	Library1
18a_22	Library1
18a_23	Library1
18a_24	Library1
18a_25	Library1
18a_26	Library1
18a_27	Library1
18a_28	Library1
18a_29	Library1
18a_30	Library1
18a_31	Library1
18a_32	Library1
18a_33	Library1
18a_34	Library1
18a_35	Library1
18a_36	Library1
18a_37	Library1
18a_38	Library1
18a_39	Library1
18a_40	Library1
18a_42	Library1
18a_43	Library1
18a_44	Library1
18a_46	Library1
18a_48	Library1
18a_49	Library1
18a_50	Library1
18b_02	Library5
18b_03	Library5
18b_04	Library5
18b_06	Library5
18b_07	Library5
18b_08	Library5
18b_09	Library5
18b_10	Library5
18b_11	Library5
18b_12	Library5
18b_13	Library5
18b_15	Library5
18b_16	Library5
18b_17	Library5
18b_18	Library5
18b_19	Library5
18b_20	Library5
18b_21	Library5
18b_22	Library5
18b_23	Library5
18b_24	Library5
18b_26	Library5
18b_27	Library5
18b_30	Library5
18b_31	Library5
18b_32	Library5
18b_33	Library5
18b_35	Library5
18b_37	Library5
18b_39	Library5
18b_40	Library5
18b_42	Library5
18b_45	Library5
18b_46	Library5
18b_47	Library5
18b_48	Library5
18b_49	Library5
18c_100	Library2
18c_51	Library2
18c_52	Library2
18c_53	Library2
18c_54	Library2
18c_55	Library2
18c_56	Library2
18c_57	Library2
18c_58	Library2
18c_59	Library2
18c_60	Library2
18c_61	Library2
18c_62	Library2
18c_63	Library2
18c_64	Library2
18c_65	Library2
18c_66	Library2
18c_67	Library2
18c_68	Library2
18c_70	Library2
18c_71	Library2
18c_72	Library2
18c_73	Library2
18c_74	Library2
18c_75	Library2
18c_76	Library2
18c_77	Library2
18c_78	Library2
18c_79	Library2
18c_81	Library2
18c_82	Library2
18c_83	Library2
18c_84	Library2
18c_85	Library2
18c_86	Library2
18c_87	Library2
18c_88	Library2
18c_89	Library2
18c_90	Library2
18c_91	Library2
18c_92	Library2
18c_94	Library2
18c_95	Library2
18c_96	Library2
18c_97	Library2
18c_98	Library2
18c_99	Library2
19a_01	Library3
19a_02	Library3
19a_03	Library3
19a_04	Library3
19a_05	Library3
19a_06	Library3
19a_07	Library3
19a_08	Library3
19a_09	Library3
19a_10	Library3
19a_11	Library3
19a_12	Library3
19a_13	Library3
19a_14	Library3
19a_15	Library3
19a_16	Library3
19a_17	Library3
19a_18	Library3
19a_19	Library3
19a_20	Library3
19a_21	Library3
19a_22	Library3
19a_23	Library3
19a_24	Library3
19a_25	Library3
19a_26	Library3
19a_27	Library3
19a_28	Library3
19a_29	Library3
19a_30	Library3
19a_31	Library3
19a_32	Library3
19a_33	Library3
19a_34	Library3
19a_35	Library3
19a_36	Library3
19a_37	Library3
19a_38	Library3
19a_39	Library3
19a_40	Library3
19a_41	Library3
19a_42	Library3
19a_43	Library3
19a_44	Library3
19a_45	Library3
19a_46	Library3
19a_47	Library3
19a_48	Library3
19a_49	Library3
19a_50	Library3
19b_01	Library4
19b_02	Library4
19b_03	Library4
19b_04	Library4
19b_05	Library4
19b_06	Library4
19b_08	Library4
19b_09	Library4
19b_11	Library4
19b_13	Library4
19b_14	Library4
19b_15	Library4
19b_16	Library4
19b_19	Library4
19b_20	Library4
19b_21	Library4
19b_23	Library4
19b_25	Library4
19b_26	Library4
19b_29	Library4
19b_30	Library4
19b_31	Library4
19b_32	Library4
19b_33	Library4
19b_34	Library4
19b_35	Library4
19b_36	Library4
19b_37	Library4
19b_38	Library4
19b_39	Library4
19b_40	Library4
19b_42	Library4
19b_43	Library4
19b_44	Library4
19b_45	Library4
19b_46	Library4
19b_47	Library4
19b_48	Library4
19b_50	Library4
19cd_01	Library4
19cd_02	Library4
19cd_04	Library4
19cd_05	Library4
19cd_07	Library4
19cd_08	Library4
19cd_09	Library4
19cd_10	Library4
19cd_11	Library4
19cd_12	Library4
19cd_13	Library4
19cd_15	Library4
19cd_19	Library4
19cd_20	Library4
19cd_21	Library4
19cd_23	Library4
19cd_24	Library4
19cd_25	Library4
19cd_26	Library4
19cd_27	Library4
19cd_28	Library4
19cd_29	Library4
19cd_30	Library4
19cd_31	Library4
19cd_32	Library4
19cd_33	Library4
19cd_34	Library4
19cd_35	Library4
19cd_36	Library4
19cd_37	Library4
19cd_38	Library4
19cd_39	Library4
19cd_40	Library4
19cd_41	Library4
19cd_42	Library4
19cd_45	Library4
19cd_47	Library4
19cd_48	Library4
19cd_49	Library4
19cd_50	Library4
20a_03	Library5
20a_06	Library5
20a_09	Library5
20a_12	Library5
20a_13	Library5
20a_14	Library5
20a_15	Library5
20a_18	Library5
20a_30	Library5
20a_31	Library5
20a_37	Library5
20a_38	Library5
20a_41	Library5
20a_43	Library5
20a_47	Library5
20a_48	Library5
23p_10	Library5
23p_21	Library5
23p_45	Library5
23p_46	Library5
23p_47	Library5
23p_51	Library5
23p_55	Library5
23p_57	Library5
23p_59	Library5
23p_60	Library5
23p_61	Library5
23p_62	Library5
23p_63	Library5
23p_64	Library5
23p_65	Library5
23p_66	Library5
23p_67	Library5
23p_68	Library5
23p_69	Library5
23p_70	Library5
23p_71	Library5
23p_72	Library5
23p_73	Library5
23p_74	Library5
23p_75	Library5
23p_76	Library5
23p_77	Library5
23p_78	Library5
23p_79	Library5
23p_80	Library5
23p_81	Library5
23p_82	Library5
23p_83	Library5
23p_84	Library5
23p_85	Library5
23p_86	Library5
23p_87	Library5
23p_88	Library5
23p_89	Library5
23p_90	Library5
23p_91	Library5
23p_92	Library5
23p_93	Library5
23p_94	Library5
23p_95	Library5
23p_96	Library5
23p_97	Library5
25c_01	Library4
25c_02	Library4
25c_09	Library4
25c_10	Library4
25c_11	Library4
25c_13	Library4
25c_14	Library4
25c_20	Library4
25c_21	Library4
25c_22	Library4
25c_24	Library4
25c_27	Library4
25c_29	Library4
25c_30	Library4
25c_32	Library4
25c_35	Library4
25c_39	Library4
25c_40	Library4
25c_44	Library4
25c_45	Library4
25c_50	Library4
25c_52	Library4
25c_53	Library4
25c_55	Library4
25c_57	Library4
25c_60	Library4
25c_64	Library4
25c_65	Library4
25c_72	Library4
25c_76	Library4
25c_77	Library4
25c_78	Library4
25c_79	Library4
25c_81	Library4
25c_82	Library4
25c_83	Library4
25c_84	Library4
25c_91	Library4
25c_92	Library4
25c_93	Library4
26b_02	Library4
26b_03	Library4
26b_04	Library4
26b_05	Library4
26b_06	Library4
26b_07	Library4
26b_08	Library4
26b_09	Library4
26b_10	Library4
26b_11	Library4
26b_12	Library4
26b_13	Library4
26b_15	Library4
26b_16	Library4
26b_17	Library4
26b_18	Library4
26b_19	Library4
26b_20	Library4
26b_21	Library4
26b_22	Library4
26b_23	Library4
26b_24	Library4
26b_25	Library4
26b_27	Library4
26b_28	Library4
26b_30	Library4
26b_31	Library4
26b_32	Library4
26b_33	Library4
26b_36	Library4
26b_37	Library4
26b_39	Library4
26b_40	Library4
26b_41	Library4
26b_42	Library4
26b_43	Library4
26b_44	Library4
26b_45	Library4
26b_46	Library4
26b_47	Library4
26b_49	Library4
26c_01	Library4
26c_02	Library4
26c_03	Library4
26c_04	Library4
26c_05	Library4
26c_06	Library4
26c_07	Library4
26c_08	Library4
26c_09	Library4
26c_12	Library4
26c_13	Library4
26c_14	Library4
26c_15	Library4
26c_16	Library4
26c_17	Library4
26c_18	Library4
26c_19	Library4
26c_20	Library4
26c_22	Library4
26c_23	Library4
26c_24	Library4
26c_25	Library4
26c_26	Library4
26c_27	Library4
26c_28	Library4
26c_29	Library4
26c_36	Library4
26c_37	Library4
26c_38	Library4
26c_39	Library4
26c_40	Library4
26c_41	Library4
26c_42	Library4
26c_43	Library4
26c_44	Library4
26c_45	Library4
26c_47	Library4
26c_48	Library4
26c_49	Library4
26c_50	Library4
27a_01	Library2
27a_02	Library2
27a_03	Library2
27a_04	Library2
27a_05	Library2
27a_06	Library2
27a_07	Library2
27a_08	Library2
27a_09	Library2
27a_10	Library2
27a_11	Library2
27a_12	Library2
27a_13	Library2
27a_15	Library2
27a_16	Library2
27a_17	Library2
27a_18	Library2
27a_19	Library2
27a_20	Library2
27a_21	Library2
27a_22	Library2
27a_23	Library2
27a_24	Library2
27a_25	Library2
27a_26	Library2
27a_27	Library2
27a_28	Library2
27a_29	Library2
27a_30	Library2
27a_31	Library2
27a_32	Library2
27a_33	Library2
27a_34	Library2
27a_35	Library2
27a_36	Library2
27a_37	Library2
27a_38	Library2
27a_39	Library2
27a_40	Library2
27a_41	Library2
27a_42	Library2
27a_43	Library2
27a_44	Library2
27a_45	Library2
27a_46	Library2
27a_47	Library2
27a_48	Library2
27a_49	Library2
27a_50	Library2
27b_01	Library4
27b_04	Library4
27b_06	Library4
27b_10	Library4
27b_11	Library4
27b_14	Library4
27b_15	Library4
27b_16	Library4
27b_18	Library4
27b_19	Library4
27b_20	Library4
27b_21	Library4
27b_22	Library4
27b_24	Library4
27b_35	Library4
27b_37	Library4
27b_38	Library4
27b_40	Library4
27b_42	Library4
27b_43	Library4
27b_48	Library4
27b_49	Library4
